{
  "nodes": [
    {"id": 0, "lat": -6.1620, "lon": 39.1920, "name": "Creek Road Junction"},
    {"id": 1, "lat": -6.1625, "lon": 39.1925, "name": "Forodhani Gardens"},
    {"id": 2, "lat": -6.1630, "lon": 39.1920, "name": "Old Fort Corner"},
    {"id": 3, "lat": -6.1635, "lon": 39.1915, "name": "Cathedral Junction"},
    {"id": 4, "lat": -6.1625, "lon": 39.1915, "name": "Market Street"},
    {"id": 5, "lat": -6.1630, "lon": 39.1910, "name": "Darajani Market"},
    {"id": 6, "lat": -6.1635, "lon": 39.1905, "name": "Mkunazini Road"},
    {"id": 7, "lat": -6.1640, "lon": 39.1910, "name": "Hospital Junction"},
    {"id": 8, "lat": -6.1620, "lon": 39.1910, "name": "Port Access"},
    {"id": 9, "lat": -6.1615, "lon": 39.1915, "name": "Mizingani Road"},
    {"id": 10, "lat": -6.1610, "lon": 39.1920, "name": "Shangani"},
    {"id": 11, "lat": -6.1640, "lon": 39.1920, "name": "Vuga Road"},
    {"id": 12, "lat": -6.1645, "lon": 39.1915, "name": "Kikwajuni"},
    {"id": 13, "lat": -6.1650, "lon": 39.1910, "name": "Malindi"},
    {"id": 14, "lat": -6.1645, "lon": 39.1925, "name": "Mwembeladu"},
    {"id": 15, "lat": -6.1620, "lon": 39.1930, "name": "Beach Front"},
    {"id": 16, "lat": -6.1630, "lon": 39.1930, "name": "Kelele Square"},
    {"id": 17, "lat": -6.1640, "lon": 39.1925, "name": "Soko Muhogo"},
    {"id": 18, "lat": -6.1615, "lon": 39.1905, "name": "Funguni"},
    {"id": 19, "lat": -6.1625, "lon": 39.1900, "name": "Kiponda"},
    {"id": 20, "lat": -6.1635, "lon": 39.1895, "name": "Migombani"}
  ],
  "edges": [
    {"from": 0, "to": 1, "distance": 0.08, "road_name": "Creek Road", "traffic_factor": 1.0, "quality": 0.9},
    {"from": 1, "to": 2, "distance": 0.07, "road_name": "Mizingani Road", "traffic_factor": 1.2, "quality": 0.95},
    {"from": 2, "to": 3, "distance": 0.08, "road_name": "Cathedral Road", "traffic_factor": 1.1, "quality": 0.85},
    {"from": 3, "to": 7, "distance": 0.07, "road_name": "Hospital Street", "traffic_factor": 1.3, "quality": 0.8},
    {"from": 0, "to": 4, "distance": 0.06, "road_name": "Market Link", "traffic_factor": 1.5, "quality": 0.7},
    {"from": 4, "to": 5, "distance": 0.07, "road_name": "Darajani Rd", "traffic_factor": 1.8, "quality": 0.75},
    {"from": 5, "to": 6, "distance": 0.08, "road_name": "Mkunazini Road", "traffic_factor": 1.4, "quality": 0.8},
    {"from": 6, "to": 7, "distance": 0.07, "road_name": "Connect Road", "traffic_factor": 1.2, "quality": 0.85},
    {"from": 0, "to": 8, "distance": 0.05, "road_name": "Port Road", "traffic_factor": 2.0, "quality": 0.9},
    {"from": 8, "to": 9, "distance": 0.06, "road_name": "Access Road", "traffic_factor": 1.6, "quality": 0.8},
    {"from": 9, "to": 10, "distance": 0.06, "road_name": "Shangani Road", "traffic_factor": 1.1, "quality": 0.9},
    {"from": 9, "to": 4, "distance": 0.05, "road_name": "Cross Street", "traffic_factor": 1.3, "quality": 0.85},
    {"from": 1, "to": 10, "distance": 0.05, "road_name": "Beach Path", "traffic_factor": 1.0, "quality": 0.95},
    {"from": 2, "to": 5, "distance": 0.05, "road_name": "Market Cross", "traffic_factor": 1.7, "quality": 0.7},
    {"from": 3, "to": 11, "distance": 0.06, "road_name": "Vuga Extension", "traffic_factor": 1.2, "quality": 0.85},
    {"from": 11, "to": 12, "distance": 0.07, "road_name": "Kikwajuni Rd", "traffic_factor": 1.1, "quality": 0.8},
    {"from": 12, "to": 13, "distance": 0.08, "road_name": "Malindi Road", "traffic_factor": 1.3, "quality": 0.75},
    {"from": 7, "to": 12, "distance": 0.06, "road_name": "Hospital Link", "traffic_factor": 1.4, "quality": 0.8},
    {"from": 11, "to": 14, "distance": 0.06, "road_name": "Mwembeladu Rd", "traffic_factor": 1.2, "quality": 0.85},
    {"from": 2, "to": 14, "distance": 0.09, "road_name": "East Road", "traffic_factor": 1.1, "quality": 0.9},
    {"from": 1, "to": 15, "distance": 0.05, "road_name": "Beachfront", "traffic_factor": 1.0, "quality": 1.0},
    {"from": 15, "to": 16, "distance": 0.06, "road_name": "Coast Road", "traffic_factor": 1.1, "quality": 0.95},
    {"from": 16, "to": 14, "distance": 0.08, "road_name": "Kelele Road", "traffic_factor": 1.2, "quality": 0.85},
    {"from": 14, "to": 17, "distance": 0.06, "road_name": "Soko Road", "traffic_factor": 1.3, "quality": 0.8},
    {"from": 17, "to": 11, "distance": 0.05, "road_name": "Inner Link", "traffic_factor": 1.4, "quality": 0.75},
    {"from": 8, "to": 18, "distance": 0.07, "road_name": "Funguni Road", "traffic_factor": 1.5, "quality": 0.7},
    {"from": 18, "to": 19, "distance": 0.06, "road_name": "Kiponda Street", "traffic_factor": 1.6, "quality": 0.75},
    {"from": 19, "to": 5, "distance": 0.07, "road_name": "Market West", "traffic_factor": 1.8, "quality": 0.7},
    {"from": 19, "to": 20, "distance": 0.06, "road_name": "Migombani Rd", "traffic_factor": 1.4, "quality": 0.75},
    {"from": 20, "to": 6, "distance": 0.07, "road_name": "West Connect", "traffic_factor": 1.3, "quality": 0.8},
    {"from": 4, "to": 9, "distance": 0.04, "road_name": "Short Cut", "traffic_factor": 1.2, "quality": 0.85},
    {"from": 10, "to": 15, "distance": 0.05, "road_name": "Shore Road", "traffic_factor": 1.0, "quality": 0.95},
    {"from": 5, "to": 3, "distance": 0.06, "road_name": "Central Link", "traffic_factor": 1.5, "quality": 0.8},
    {"from": 6, "to": 12, "distance": 0.09, "road_name": "South Road", "traffic_factor": 1.2, "quality": 0.8}
  ]
}
